{"alpha": 0.75, "batchsize": 32, "crossdomain epoch": 90, "indomain epoch": 20, "clf lr": 0.0001, "disc lr": 0.0001, "ext lr": 0.0001, "act": {"0": "Walking", "1": "Jogging", "2": "Stairs", "3": "Sitting", "4": "Standing", "5": "Typing", "6": "Brushing Teeth", "7": "Eating Soup"}, "source subj": [1600, 1601, 1602, 1603, 1604], "source device": "watch", "source sensor": "accel", "source data shape": [2840, 100, 3], "source class dist": {"0": 355, "1": 355, "2": 355, "3": 355, "4": 355, "5": 355, "6": 355, "7": 355}, "target subj": 1624, "target device": "watch", "target sensor": "accel", "target data shape": [654, 100, 3], "target class dist": {"0": 71, "1": 71, "2": 71, "3": 71, "4": 71, "5": 71, "6": 157, "7": 71}, "crossdomain source acc": [0.9954225352112676, 1.0, 0.9911971830985915, 1.0, 0.9985915492957746], "crossdomain target acc": [0.5688073394495413, 0.5137614678899083, 0.5412844036697247, 0.573394495412844, 0.518348623853211], "crossdomain domain acc": [0.675123009139226, 0.6271342908883951, 0.6684977010225068, 0.5995586841323207, 0.6923129977663893], "indomain source acc": [1.0, 1.0, 0.9940140845070422, 1.0, 1.0], "indomain target acc": [0.6146788990825688, 0.5932721712538226, 0.5336391437308868, 0.5489296636085627, 0.5779816513761468], "indomain domain acc": [0.7075333001966901, 0.2804695202406022, 0.6541727104998707, 0.5487049677769626, 0.40581318731366783], "timestamp": "19:38:00 03/15"}