{"alpha": 0.75, "batchsize": 32, "crossdomain epoch": 90, "indomain epoch": 20, "clf lr": 0.0001, "disc lr": 0.0001, "ext lr": 0.0001, "act": {"0": "Walking", "1": "Jogging", "2": "Stairs", "3": "Sitting", "4": "Standing", "5": "Typing", "6": "Brushing Teeth", "7": "Eating Soup"}, "source subj": [1600, 1601, 1602, 1603, 1604], "source device": "watch", "source sensor": "accel", "source data shape": [2840, 100, 3], "source class dist": {"0": 355, "1": 355, "2": 355, "3": 355, "4": 355, "5": 355, "6": 355, "7": 355}, "target subj": 1629, "target device": "watch", "target sensor": "accel", "target data shape": [1144, 100, 3], "target class dist": {"0": 143, "1": 143, "2": 143, "3": 143, "4": 143, "5": 143, "6": 143, "7": 143}, "crossdomain source acc": [0.9982394366197183, 0.9665492957746479, 0.9975352112676056, 0.9992957746478873, 0.9862676056338028], "crossdomain target acc": [0.75, 0.6048951048951049, 0.6276223776223776, 0.8374125874125874, 0.7237762237762237], "crossdomain domain acc": [0.5067317462621571, 0.5900771761745778, 0.6151876582635764, 0.5114332833341397, 0.56453928162449], "indomain source acc": [0.9823943661971831, 1.0, 1.0, 0.9989436619718309, 0.997887323943662], "indomain target acc": [0.5926573426573427, 0.618006993006993, 0.6127622377622378, 0.5909090909090909, 0.611013986013986], "indomain domain acc": [0.44657344236383284, 0.43610183706714406, 0.3792559797422622, 0.45405316043289623, 0.5624022193190432], "timestamp": "12:03:04 03/16"}