{"alpha": 0.75, "batchsize": 32, "crossdomain epoch": 90, "indomain epoch": 20, "clf lr": 0.0001, "disc lr": 0.0001, "ext lr": 0.0001, "act": {"0": "Walking", "1": "Jogging", "2": "Stairs", "3": "Sitting", "4": "Standing", "5": "Typing", "6": "Brushing Teeth", "7": "Eating Soup"}, "source subj": [1600, 1601, 1602, 1603, 1604], "source device": "watch", "source sensor": "accel", "source data shape": [2840, 100, 3], "source class dist": {"0": 355, "1": 355, "2": 355, "3": 355, "4": 355, "5": 355, "6": 355, "7": 355}, "target subj": 1612, "target device": "watch", "target sensor": "accel", "target data shape": [568, 100, 3], "target class dist": {"0": 71, "1": 71, "2": 71, "3": 71, "4": 71, "5": 71, "6": 71, "7": 71}, "crossdomain source acc": [0.9975352112676056, 0.9936619718309859, 0.9985915492957746, 0.9841549295774648, 0.977112676056338], "crossdomain target acc": [0.4119718309859155, 0.4084507042253521, 0.40492957746478875, 0.41901408450704225, 0.4595070422535211], "crossdomain domain acc": [0.5234741784037559, 0.46205007824726135, 0.477112676056338, 0.7038341158059468, 0.6842723004694836], "indomain source acc": [1.0, 0.9845070422535211, 1.0, 0.9852112676056338, 1.0], "indomain target acc": [0.4454225352112676, 0.522887323943662, 0.4876760563380282, 0.43309859154929575, 0.47007042253521125], "indomain domain acc": [0.32805164319248825, 0.38634585289514867, 0.5514475743348983, 0.3798904538341158, 0.28931924882629106], "timestamp": "12:48:01 03/15"}