{"alpha": 0.75, "batchsize": 32, "crossdomain epoch": 90, "indomain epoch": 20, "clf lr": 0.0001, "disc lr": 0.0001, "ext lr": 0.0001, "act": {"0": "Walking", "1": "Jogging", "2": "Stairs", "3": "Sitting", "4": "Standing", "5": "Typing", "6": "Brushing Teeth", "7": "Eating Soup"}, "source subj": [1600, 1601, 1602, 1603, 1604], "source device": "watch", "source sensor": "accel", "source data shape": [2840, 100, 3], "source class dist": {"0": 355, "1": 355, "2": 355, "3": 355, "4": 355, "5": 355, "6": 355, "7": 355}, "target subj": 1623, "target device": "watch", "target sensor": "accel", "target data shape": [568, 100, 3], "target class dist": {"0": 71, "1": 71, "2": 71, "3": 71, "4": 71, "5": 71, "6": 71, "7": 71}, "crossdomain source acc": [0.9616197183098592, 0.9852112676056338, 0.9982394366197183, 0.9996478873239436, 0.9901408450704225], "crossdomain target acc": [0.8538732394366197, 0.9225352112676056, 0.9683098591549296, 0.977112676056338, 0.9471830985915493], "crossdomain domain acc": [0.5140845070422535, 0.6208920187793427, 0.4814162754303599, 0.6210876369327074, 0.6093505477308294], "indomain source acc": [1.0, 0.9933098591549295, 1.0, 0.9971830985915493, 0.9975352112676056], "indomain target acc": [0.8679577464788732, 0.8943661971830986, 0.8380281690140845, 0.852112676056338, 0.8767605633802817], "indomain domain acc": [0.16666666666666666, 0.18251173708920188, 0.5369718309859155, 0.7644757433489828, 0.38360719874804383], "timestamp": "19:18:36 03/15"}