{"alpha": 0.75, "batchsize": 32, "crossdomain epoch": 90, "indomain epoch": 20, "clf lr": 0.0001, "disc lr": 0.0001, "ext lr": 0.0001, "act": {"0": "Walking", "1": "Jogging", "2": "Stairs", "3": "Sitting", "4": "Standing", "5": "Typing", "6": "Brushing Teeth", "7": "Eating Soup"}, "source subj": [1600, 1601, 1602, 1603, 1604], "source device": "watch", "source sensor": "accel", "source data shape": [2840, 100, 3], "source class dist": {"0": 355, "1": 355, "2": 355, "3": 355, "4": 355, "5": 355, "6": 355, "7": 355}, "target subj": 1628, "target device": "watch", "target sensor": "accel", "target data shape": [568, 100, 3], "target class dist": {"0": 71, "1": 71, "2": 71, "3": 71, "4": 71, "5": 71, "6": 71, "7": 71}, "crossdomain source acc": [0.9588028169014085, 0.9996478873239436, 0.9908450704225352, 0.9954225352112676, 0.9954225352112676], "crossdomain target acc": [0.6496478873239436, 0.6161971830985915, 0.4242957746478873, 0.3732394366197183, 0.5845070422535211], "crossdomain domain acc": [0.5982003129890454, 0.6823161189358372, 0.684076682316119, 0.5381455399061033, 0.6118935837245696], "indomain source acc": [1.0, 0.9926056338028169, 1.0, 1.0, 1.0], "indomain target acc": [0.4102112676056338, 0.3961267605633803, 0.5105633802816901, 0.40669014084507044, 0.352112676056338], "indomain domain acc": [0.17410015649452268, 0.23865414710485133, 0.16666666666666666, 0.25841158059467917, 0.719679186228482], "timestamp": "11:34:37 03/16"}