{"alpha": 0.75, "batchsize": 32, "crossdomain epoch": 90, "indomain epoch": 20, "clf lr": 0.0001, "disc lr": 0.0001, "ext lr": 0.0001, "act": {"0": "Walking", "1": "Jogging", "2": "Stairs", "3": "Sitting", "4": "Standing", "5": "Typing", "6": "Brushing Teeth", "7": "Eating Soup"}, "source subj": [1600, 1601, 1602, 1603, 1604], "source device": "watch", "source sensor": "accel", "source data shape": [2840, 100, 3], "source class dist": {"0": 355, "1": 355, "2": 355, "3": 355, "4": 355, "5": 355, "6": 355, "7": 355}, "target subj": 1613, "target device": "watch", "target sensor": "accel", "target data shape": [568, 100, 3], "target class dist": {"0": 71, "1": 71, "2": 71, "3": 71, "4": 71, "5": 71, "6": 71, "7": 71}, "crossdomain source acc": [0.9996478873239436, 0.9915492957746479, 0.9954225352112676, 1.0, 0.9827464788732394], "crossdomain target acc": [0.8961267605633803, 0.9471830985915493, 0.977112676056338, 0.9788732394366197, 0.9172535211267606], "crossdomain domain acc": [0.5633802816901409, 0.5786384976525821, 0.5557511737089202, 0.5442097026604069, 0.5843114241001565], "indomain source acc": [1.0, 1.0, 0.9996478873239436, 1.0, 0.9890845070422535], "indomain target acc": [0.8415492957746479, 0.8433098591549296, 0.8609154929577465, 0.7376760563380281, 0.8626760563380281], "indomain domain acc": [0.526017214397496, 0.3268779342723005, 0.7323943661971831, 0.5115414710485133, 0.7924491392801252], "timestamp": "13:04:28 03/15"}