{"alpha": 0.75, "batchsize": 32, "crossdomain epoch": 90, "indomain epoch": 20, "clf lr": 0.0001, "disc lr": 0.0001, "ext lr": 0.0001, "act": {"0": "Walking", "1": "Jogging", "2": "Stairs", "3": "Sitting", "4": "Standing", "5": "Typing", "6": "Brushing Teeth", "7": "Eating Soup"}, "source subj": [1600, 1601, 1602, 1603, 1604], "source device": "watch", "source sensor": "accel", "source data shape": [2840, 100, 3], "source class dist": {"0": 355, "1": 355, "2": 355, "3": 355, "4": 355, "5": 355, "6": 355, "7": 355}, "target subj": 1614, "target device": "watch", "target sensor": "accel", "target data shape": [568, 100, 3], "target class dist": {"0": 71, "1": 71, "2": 71, "3": 71, "4": 71, "5": 71, "6": 71, "7": 71}, "crossdomain source acc": [0.9908450704225352, 0.9982394366197183, 0.9845070422535211, 0.9982394366197183, 0.995774647887324], "crossdomain target acc": [0.8257042253521126, 0.8362676056338029, 0.8996478873239436, 0.9014084507042254, 0.7922535211267606], "crossdomain domain acc": [0.4890453834115806, 0.6128716744913928, 0.5784428794992176, 0.5884194053208138, 0.5907668231611893], "indomain source acc": [0.9919014084507042, 0.9985915492957746, 0.9838028169014085, 1.0, 0.9992957746478873], "indomain target acc": [0.7429577464788732, 0.7623239436619719, 0.8327464788732394, 0.7658450704225352, 0.7605633802816901], "indomain domain acc": [0.6776212832550861, 0.1674491392801252, 0.656885758998435, 0.38634585289514867, 0.35837245696400627], "timestamp": "13:43:20 03/15"}