{"alpha": 0.75, "batchsize": 32, "crossdomain epoch": 90, "indomain epoch": 20, "clf lr": 0.0001, "disc lr": 0.0001, "ext lr": 0.0001, "act": {"0": "Walking", "1": "Jogging", "2": "Stairs", "3": "Sitting", "4": "Standing", "5": "Typing", "6": "Brushing Teeth", "7": "Eating Soup"}, "source subj": [1600, 1601, 1602, 1603, 1604], "source device": "watch", "source sensor": "accel", "source data shape": [2840, 100, 3], "source class dist": {"0": 355, "1": 355, "2": 355, "3": 355, "4": 355, "5": 355, "6": 355, "7": 355}, "target subj": 1627, "target device": "watch", "target sensor": "accel", "target data shape": [568, 100, 3], "target class dist": {"0": 71, "1": 71, "2": 71, "3": 71, "4": 71, "5": 71, "6": 71, "7": 71}, "crossdomain source acc": [0.9992957746478873, 0.9936619718309859, 0.9992957746478873, 0.9588028169014085, 0.9947183098591549], "crossdomain target acc": [0.8767605633802817, 0.8485915492957746, 0.8151408450704225, 0.8415492957746479, 0.8503521126760564], "crossdomain domain acc": [0.5316901408450704, 0.5639671361502347, 0.5330594679186228, 0.439358372456964, 0.5203442879499217], "indomain source acc": [1.0, 1.0, 0.9883802816901408, 1.0, 1.0], "indomain target acc": [0.8380281690140845, 0.852112676056338, 0.8045774647887324, 0.795774647887324, 0.7658450704225352], "indomain domain acc": [0.22711267605633803, 0.24413145539906103, 0.34330985915492956, 0.452660406885759, 0.5088028169014085], "timestamp": "10:59:14 03/16"}