{"alpha": 0.75, "batchsize": 32, "crossdomain epoch": 90, "indomain epoch": 20, "clf lr": 0.0001, "disc lr": 0.0001, "ext lr": 0.0001, "act": {"0": "Walking", "1": "Jogging", "2": "Stairs", "3": "Sitting", "4": "Standing", "5": "Typing", "6": "Brushing Teeth", "7": "Eating Soup"}, "source subj": [1600, 1601, 1602, 1603, 1604], "source device": "watch", "source sensor": "accel", "source data shape": [2840, 100, 3], "source class dist": {"0": 355, "1": 355, "2": 355, "3": 355, "4": 355, "5": 355, "6": 355, "7": 355}, "target subj": 1617, "target device": "watch", "target sensor": "accel", "target data shape": [568, 100, 3], "target class dist": {"0": 71, "1": 71, "2": 71, "3": 71, "4": 71, "5": 71, "6": 71, "7": 71}, "crossdomain source acc": [0.997887323943662, 0.9809859154929578, 0.9725352112676057, 0.9985915492957746, 0.9989436619718309], "crossdomain target acc": [0.8556338028169014, 0.8433098591549296, 0.8080985915492958, 0.8732394366197183, 0.903169014084507], "crossdomain domain acc": [0.4692879499217527, 0.6353677621283255, 0.49960876369327073, 0.564358372456964, 0.4057120500782473], "indomain source acc": [1.0, 1.0, 0.9989436619718309, 0.9936619718309859, 0.9834507042253521], "indomain target acc": [0.6830985915492958, 0.6778169014084507, 0.6971830985915493, 0.6883802816901409, 0.6637323943661971], "indomain domain acc": [0.5346244131455399, 0.3626760563380282, 0.831377151799687, 0.5794209702660407, 0.16666666666666666], "timestamp": "14:40:04 03/15"}