{"alpha": 0.75, "batchsize": 32, "crossdomain epoch": 90, "indomain epoch": 20, "clf lr": 0.0001, "disc lr": 0.0001, "ext lr": 0.0001, "act": {"0": "Walking", "1": "Jogging", "2": "Stairs", "3": "Sitting", "4": "Standing", "5": "Typing", "6": "Brushing Teeth", "7": "Eating Soup"}, "source subj": [1600, 1601, 1602, 1603, 1604], "source device": "watch", "source sensor": "accel", "source data shape": [2840, 100, 3], "source class dist": {"0": 355, "1": 355, "2": 355, "3": 355, "4": 355, "5": 355, "6": 355, "7": 355}, "target subj": 1619, "target device": "watch", "target sensor": "accel", "target data shape": [568, 100, 3], "target class dist": {"0": 71, "1": 71, "2": 71, "3": 71, "4": 71, "5": 71, "6": 71, "7": 71}, "crossdomain source acc": [0.9894366197183099, 0.8616197183098592, 0.9975352112676056, 0.9996478873239436, 0.9834507042253521], "crossdomain target acc": [0.7975352112676056, 0.6830985915492958, 0.9278169014084507, 0.9190140845070423, 0.7852112676056338], "crossdomain domain acc": [0.5715962441314554, 0.5919405320813772, 0.5044992175273866, 0.6032863849765259, 0.59839593114241], "indomain source acc": [1.0, 1.0, 1.0, 0.9996478873239436, 1.0], "indomain target acc": [0.7799295774647887, 0.8169014084507042, 0.8204225352112676, 0.7746478873239436, 0.772887323943662], "indomain domain acc": [0.7683881064162754, 0.528169014084507, 0.6950312989045383, 0.48219874804381846, 0.8190532081377152], "timestamp": "15:14:34 03/15"}