{"alpha": 0.75, "batchsize": 32, "crossdomain epoch": 90, "indomain epoch": 20, "clf lr": 0.0001, "disc lr": 0.0001, "ext lr": 0.0001, "act": {"0": "Walking", "1": "Jogging", "2": "Stairs", "3": "Sitting", "4": "Standing", "5": "Typing", "6": "Brushing Teeth", "7": "Eating Soup"}, "source subj": [1600, 1601, 1602, 1603, 1604], "source device": "watch", "source sensor": "accel", "source data shape": [2840, 100, 3], "source class dist": {"0": 355, "1": 355, "2": 355, "3": 355, "4": 355, "5": 355, "6": 355, "7": 355}, "target subj": 1616, "target device": "watch", "target sensor": "accel", "target data shape": [497, 100, 3], "target class dist": {"0": 71, "2": 71, "3": 71, "4": 71, "5": 71, "6": 71, "7": 71}, "crossdomain source acc": [0.997887323943662, 0.9816901408450704, 0.997887323943662, 0.9975352112676056, 0.9852112676056338], "crossdomain target acc": [0.8953722334004024, 0.7987927565392354, 0.8832997987927566, 0.8148893360160966, 0.9215291750503019], "crossdomain domain acc": [0.45360528950069817, 0.5693290571860316, 0.4313021633649794, 0.4214130413991418, 0.4946346253164073], "indomain source acc": [1.0, 0.9996478873239436, 0.9961267605633802, 0.9996478873239436, 1.0], "indomain target acc": [0.869215291750503, 0.7947686116700201, 0.7082494969818913, 0.8531187122736419, 0.8490945674044266], "indomain domain acc": [0.754066271781891, 0.2730762119115781, 0.14956739076377687, 0.5068382226359515, 0.38417102888949817], "timestamp": "14:26:55 03/15"}