{"alpha": 0.75, "batchsize": 32, "crossdomain epoch": 90, "indomain epoch": 20, "clf lr": 0.0001, "disc lr": 0.0001, "ext lr": 0.0001, "act": {"0": "Walking", "1": "Jogging", "2": "Stairs", "3": "Sitting", "4": "Standing", "5": "Typing", "6": "Brushing Teeth", "7": "Eating Soup"}, "source subj": [1600, 1601, 1602, 1603, 1604], "source device": "watch", "source sensor": "accel", "source data shape": [2840, 100, 3], "source class dist": {"0": 355, "1": 355, "2": 355, "3": 355, "4": 355, "5": 355, "6": 355, "7": 355}, "target subj": 1622, "target device": "watch", "target sensor": "accel", "target data shape": [568, 100, 3], "target class dist": {"0": 71, "1": 71, "2": 71, "3": 71, "4": 71, "5": 71, "6": 71, "7": 71}, "crossdomain source acc": [0.9950704225352113, 0.997887323943662, 0.9996478873239436, 0.995774647887324, 0.997887323943662], "crossdomain target acc": [0.6654929577464789, 0.7077464788732394, 0.5915492957746479, 0.6584507042253521, 0.704225352112676], "crossdomain domain acc": [0.5942879499217527, 0.7885367762128326, 0.8084898278560251, 0.8284428794992176, 0.735133020344288], "indomain source acc": [1.0, 1.0, 1.0, 1.0, 1.0], "indomain target acc": [0.272887323943662, 0.3028169014084507, 0.4014084507042254, 0.2658450704225352, 0.2764084507042254], "indomain domain acc": [0.5737480438184663, 0.8077073552425665, 0.6607981220657277, 0.6187402190923318, 0.8272691705790297], "timestamp": "18:52:02 03/15"}