{"alpha": 0.75, "batchsize": 32, "crossdomain epoch": 90, "indomain epoch": 20, "clf lr": 0.0001, "disc lr": 0.0001, "ext lr": 0.0001, "act": {"0": "Walking", "1": "Jogging", "2": "Stairs", "3": "Sitting", "4": "Standing", "5": "Typing", "6": "Brushing Teeth", "7": "Eating Soup"}, "source subj": [1600, 1601, 1602, 1603, 1604], "source device": "watch", "source sensor": "accel", "source data shape": [2840, 100, 3], "source class dist": {"0": 355, "1": 355, "2": 355, "3": 355, "4": 355, "5": 355, "6": 355, "7": 355}, "target subj": 1621, "target device": "watch", "target sensor": "accel", "target data shape": [568, 100, 3], "target class dist": {"0": 71, "1": 71, "2": 71, "3": 71, "4": 71, "5": 71, "6": 71, "7": 71}, "crossdomain source acc": [0.9890845070422535, 0.9954225352112676, 0.9985915492957746, 0.997887323943662, 0.995774647887324], "crossdomain target acc": [0.7130281690140845, 0.727112676056338, 0.7411971830985915, 0.6742957746478874, 0.7376760563380281], "crossdomain domain acc": [0.582942097026604, 0.4538341158059468, 0.57179186228482, 0.6539514866979655, 0.6422143974960877], "indomain source acc": [0.9985915492957746, 0.9996478873239436, 1.0, 0.979225352112676, 1.0], "indomain target acc": [0.522887323943662, 0.5669014084507042, 0.5475352112676056, 0.6091549295774648, 0.5651408450704225], "indomain domain acc": [0.6404538341158059, 0.2548904538341158, 0.6737089201877934, 0.7983176838810642, 0.33705007824726135], "timestamp": "15:51:30 03/15"}