{"alpha": 0.75, "batchsize": 32, "crossdomain epoch": 90, "indomain epoch": 20, "clf lr": 0.0001, "disc lr": 0.0001, "ext lr": 0.0001, "act": {"0": "Walking", "1": "Jogging", "2": "Stairs", "3": "Sitting", "4": "Standing", "5": "Typing", "6": "Brushing Teeth", "7": "Eating Soup"}, "source subj": [1600, 1601, 1602, 1603, 1604], "source device": "watch", "source sensor": "accel", "source data shape": [2840, 100, 3], "source class dist": {"0": 355, "1": 355, "2": 355, "3": 355, "4": 355, "5": 355, "6": 355, "7": 355}, "target subj": 1625, "target device": "watch", "target sensor": "accel", "target data shape": [568, 100, 3], "target class dist": {"0": 71, "1": 71, "2": 71, "3": 71, "4": 71, "5": 71, "6": 71, "7": 71}, "crossdomain source acc": [0.9721830985915493, 0.9862676056338028, 0.9933098591549295, 0.9954225352112676, 0.995774647887324], "crossdomain target acc": [0.8697183098591549, 0.9102112676056338, 0.852112676056338, 0.8679577464788732, 0.9066901408450704], "crossdomain domain acc": [0.616001564945227, 0.5352112676056338, 0.636150234741784, 0.6093505477308294, 0.5715962441314554], "indomain source acc": [0.9711267605633803, 0.9919014084507042, 0.9975352112676056, 1.0, 0.9992957746478873], "indomain target acc": [0.7253521126760564, 0.6830985915492958, 0.6830985915492958, 0.7517605633802817, 0.7024647887323944], "indomain domain acc": [0.8333333333333334, 0.5901799687010955, 0.8262910798122066, 0.547926447574335, 0.8333333333333334], "timestamp": "19:54:23 03/15"}