{"alpha": 0.75, "batchsize": 32, "crossdomain epoch": 90, "indomain epoch": 20, "clf lr": 0.0001, "disc lr": 0.0001, "ext lr": 0.0001, "act": {"0": "Walking", "1": "Jogging", "2": "Stairs", "3": "Sitting", "4": "Standing", "5": "Typing", "6": "Brushing Teeth", "7": "Eating Soup"}, "source subj": [1600, 1601, 1602, 1603, 1604], "source device": "watch", "source sensor": "accel", "source data shape": [2840, 100, 3], "source class dist": {"0": 355, "1": 355, "2": 355, "3": 355, "4": 355, "5": 355, "6": 355, "7": 355}, "target subj": 1626, "target device": "watch", "target sensor": "accel", "target data shape": [616, 100, 3], "target class dist": {"0": 71, "1": 71, "2": 71, "3": 71, "4": 71, "5": 119, "6": 71, "7": 71}, "crossdomain source acc": [0.995774647887324, 1.0, 1.0, 0.9992957746478873, 0.995774647887324], "crossdomain target acc": [0.7694805194805194, 0.788961038961039, 0.8133116883116883, 0.7451298701298701, 0.6607142857142857], "crossdomain domain acc": [0.5297925240054869, 0.5711296510631001, 0.49031742969821673, 0.49292427554869683, 0.4985103737997256], "indomain source acc": [1.0, 0.9992957746478873, 0.9964788732394366, 0.9992957746478873, 0.9996478873239436], "indomain target acc": [0.7272727272727273, 0.6964285714285714, 0.7256493506493507, 0.7061688311688312, 0.7613636363636364], "indomain domain acc": [0.8217592592592593, 0.451773351766118, 0.20728845164609053, 0.3901400677297668, 0.38325054655349794], "timestamp": "20:13:28 03/15"}