{"alpha": 0.75, "batchsize": 32, "crossdomain epoch": 90, "indomain epoch": 20, "clf lr": 0.0001, "disc lr": 0.0001, "ext lr": 0.0001, "act": {"0": "Walking", "1": "Jogging", "2": "Stairs", "3": "Sitting", "4": "Standing", "5": "Typing", "6": "Brushing Teeth", "7": "Eating Soup"}, "source subj": [1600, 1601, 1602, 1603, 1604], "source device": "watch", "source sensor": "accel", "source data shape": [2840, 100, 3], "source class dist": {"0": 355, "1": 355, "2": 355, "3": 355, "4": 355, "5": 355, "6": 355, "7": 355}, "target subj": 1620, "target device": "watch", "target sensor": "accel", "target data shape": [614, 100, 3], "target class dist": {"0": 71, "1": 71, "2": 71, "3": 71, "4": 71, "5": 71, "6": 117, "7": 71}, "crossdomain source acc": [0.9961267605633802, 0.9985915492957746, 0.997887323943662, 0.9855633802816901, 0.9996478873239436], "crossdomain target acc": [0.6009771986970684, 0.7899022801302932, 0.7964169381107492, 0.8013029315960912, 0.7980456026058632], "crossdomain domain acc": [0.49029749584999843, 0.4386130025894132, 0.6110190378702102, 0.48600600362980545, 0.5569089185721245], "indomain source acc": [0.9950704225352113, 0.9873239436619718, 0.9929577464788732, 1.0, 0.9883802816901408], "indomain target acc": [0.6107491856677525, 0.6009771986970684, 0.6172638436482085, 0.6433224755700325, 0.6840390879478827], "indomain domain acc": [0.7052452800961868, 0.8183167707673589, 0.2994193853605447, 0.5223903941923113, 0.8173838376760125], "timestamp": "15:34:17 03/15"}