{"alpha": 0.75, "batchsize": 32, "crossdomain epoch": 90, "indomain epoch": 20, "clf lr": 0.0001, "disc lr": 0.0001, "ext lr": 0.0001, "act": {"0": "Walking", "1": "Jogging", "2": "Stairs", "3": "Sitting", "4": "Standing", "5": "Typing", "6": "Brushing Teeth", "7": "Eating Soup"}, "source subj": [1600, 1601, 1602, 1603, 1604], "source device": "watch", "source sensor": "accel", "source data shape": [2840, 100, 3], "source class dist": {"0": 355, "1": 355, "2": 355, "3": 355, "4": 355, "5": 355, "6": 355, "7": 355}, "target subj": 1610, "target device": "watch", "target sensor": "accel", "target data shape": [568, 100, 3], "target class dist": {"0": 71, "1": 71, "2": 71, "3": 71, "4": 71, "5": 71, "6": 71, "7": 71}, "crossdomain source acc": [1.0, 0.9964788732394366, 0.9890845070422535, 0.9855633802816901, 0.9926056338028169], "crossdomain target acc": [0.9190140845070423, 0.8838028169014085, 0.9348591549295775, 0.8679577464788732, 0.9454225352112676], "crossdomain domain acc": [0.5741392801251957, 0.452660406885759, 0.4968701095461659, 0.6474960876369327, 0.46557120500782473], "indomain source acc": [0.9257042253521127, 1.0, 1.0, 0.9838028169014085, 0.9982394366197183], "indomain target acc": [0.7359154929577465, 0.8045774647887324, 0.7940140845070423, 0.7059859154929577, 0.829225352112676], "indomain domain acc": [0.6265649452269171, 0.4593114241001565, 0.797926447574335, 0.65160406885759, 0.7713223787167449], "timestamp": "12:09:11 03/15"}