{"alpha": 0.75, "batchsize": 32, "crossdomain epoch": 90, "indomain epoch": 20, "clf lr": 0.0001, "disc lr": 0.0001, "ext lr": 0.0001, "act": {"0": "Walking", "1": "Jogging", "2": "Stairs", "3": "Sitting", "4": "Standing", "5": "Typing", "6": "Brushing Teeth", "7": "Eating Soup"}, "source subj": [1600, 1601, 1602, 1603, 1604], "source device": "watch", "source sensor": "accel", "source data shape": [2840, 100, 3], "source class dist": {"0": 355, "1": 355, "2": 355, "3": 355, "4": 355, "5": 355, "6": 355, "7": 355}, "target subj": 1615, "target device": "watch", "target sensor": "accel", "target data shape": [568, 100, 3], "target class dist": {"0": 71, "1": 71, "2": 71, "3": 71, "4": 71, "5": 71, "6": 71, "7": 71}, "crossdomain source acc": [0.9992957746478873, 0.9996478873239436, 0.9753521126760564, 0.9764084507042253, 0.9992957746478873], "crossdomain target acc": [0.7852112676056338, 0.778169014084507, 0.7693661971830986, 0.721830985915493, 0.7746478873239436], "crossdomain domain acc": [0.5802034428794992, 0.5449921752738655, 0.5232785602503912, 0.602112676056338, 0.6189358372456965], "indomain source acc": [1.0, 0.9982394366197183, 0.997887323943662, 0.9992957746478873, 1.0], "indomain target acc": [0.698943661971831, 0.6320422535211268, 0.6954225352112676, 0.6919014084507042, 0.6848591549295775], "indomain domain acc": [0.1838810641627543, 0.20344287949921752, 0.2312206572769953, 0.36561032863849763, 0.4000391236306729], "timestamp": "14:02:12 03/15"}