{"alpha": 0.75, "batchsize": 32, "crossdomain epoch": 90, "indomain epoch": 20, "clf lr": 0.0001, "disc lr": 0.0001, "ext lr": 0.0001, "act": {"0": "Walking", "1": "Jogging", "2": "Stairs", "3": "Sitting", "4": "Standing", "5": "Typing", "6": "Brushing Teeth", "7": "Eating Soup"}, "source subj": [1600, 1601, 1602, 1603, 1604], "source device": "watch", "source sensor": "accel", "source data shape": [2840, 100, 3], "source class dist": {"0": 355, "1": 355, "2": 355, "3": 355, "4": 355, "5": 355, "6": 355, "7": 355}, "target subj": 1611, "target device": "watch", "target sensor": "accel", "target data shape": [568, 100, 3], "target class dist": {"0": 71, "1": 71, "2": 71, "3": 71, "4": 71, "5": 71, "6": 71, "7": 71}, "crossdomain source acc": [0.995774647887324, 0.9929577464788732, 0.9961267605633802, 0.9926056338028169, 0.995774647887324], "crossdomain target acc": [0.926056338028169, 0.9066901408450704, 0.903169014084507, 0.9172535211267606, 0.897887323943662], "crossdomain domain acc": [0.6275430359937402, 0.5758998435054773, 0.6246087636932708, 0.5927230046948356, 0.6496478873239436], "indomain source acc": [0.9992957746478873, 0.9996478873239436, 0.997887323943662, 1.0, 0.9985915492957746], "indomain target acc": [0.7869718309859155, 0.8186619718309859, 0.8133802816901409, 0.8204225352112676, 0.8063380281690141], "indomain domain acc": [0.44972613458528954, 0.6958137715179968, 0.3444835680751174, 0.4581377151799687, 0.8294209702660407], "timestamp": "12:31:00 03/15"}