{"alpha": 0.75, "batchsize": 32, "crossdomain epoch": 90, "indomain epoch": 20, "clf lr": 0.0001, "disc lr": 0.0001, "ext lr": 0.0001, "act": {"0": "Walking", "1": "Jogging", "2": "Stairs", "3": "Sitting", "4": "Standing", "5": "Typing", "6": "Brushing Teeth", "7": "Eating Soup"}, "source subj": [1600, 1601, 1602, 1603, 1604], "source device": "watch", "source sensor": "accel", "source data shape": [2840, 100, 3], "source class dist": {"0": 355, "1": 355, "2": 355, "3": 355, "4": 355, "5": 355, "6": 355, "7": 355}, "target subj": 1618, "target device": "watch", "target sensor": "accel", "target data shape": [568, 100, 3], "target class dist": {"0": 71, "1": 71, "2": 71, "3": 71, "4": 71, "5": 71, "6": 71, "7": 71}, "crossdomain source acc": [0.9890845070422535, 0.9996478873239436, 0.9757042253521127, 0.9982394366197183, 0.9975352112676056], "crossdomain target acc": [0.8151408450704225, 0.8116197183098591, 0.8186619718309859, 0.8661971830985915, 0.7940140845070423], "crossdomain domain acc": [0.3499608763693271, 0.670774647887324, 0.3765649452269171, 0.5469483568075117, 0.5645539906103286], "indomain source acc": [1.0, 1.0, 0.9609154929577465, 1.0, 1.0], "indomain target acc": [0.7376760563380281, 0.7411971830985915, 0.772887323943662, 0.7411971830985915, 0.7359154929577465], "indomain domain acc": [0.8333333333333334, 0.7736697965571205, 0.653755868544601, 0.6107198748043818, 0.6113067292644757], "timestamp": "14:57:41 03/15"}